{"cameraMode":{"drawMode":0,"name":"Shaded","section":"Shading Mode"},"sceneLighting":true,"audioPlay":false,"sceneViewState":{"m_AlwaysRefresh":false,"showFog":true,"showSkybox":true,"showFlares":true,"showImageEffects":true,"showParticleSystems":true,"showVisualEffectGraphs":true,"m_FxEnabled":true},"in2DMode":false,"pivot":{"x":-0.08439956605434418,"y":-1.543623685836792,"z":-7.577672958374023},"rotation":{"x":-0.009560449980199337,"y":0.9853619933128357,"z":-0.15983499586582185,"w":-0.05889233201742172},"size":5.1715521812438969,"orthographic":false}